{
"meta":{"test_sets":[],"test_metrics":[],"learn_metrics":[{"best_value":"Min","name":"Logloss"}],"launch_mode":"Train","parameters":"","iteration_count":1000,"learn_sets":["learn"],"name":"experiment"},
"iterations":[
{"learn":[0.4291975963],"iteration":0,"passed_time":0.03917439882,"remaining_time":39.13522442},
{"learn":[0.3264210037],"iteration":1,"passed_time":0.04819438286,"remaining_time":24.04899705},
{"learn":[0.263598651],"iteration":2,"passed_time":0.0574865395,"remaining_time":19.10469329},
{"learn":[0.2258314805],"iteration":3,"passed_time":0.06812979425,"remaining_time":16.96431877},
{"learn":[0.1847264629],"iteration":4,"passed_time":0.07793587103,"remaining_time":15.50923833},
{"learn":[0.1674535682],"iteration":5,"passed_time":0.0873588467,"remaining_time":14.47244894},
{"learn":[0.1378506789],"iteration":6,"passed_time":0.09717079367,"remaining_time":13.78437116},
{"learn":[0.1292508063],"iteration":7,"passed_time":0.106020296,"remaining_time":13.1465167},
{"learn":[0.1234477135],"iteration":8,"passed_time":0.115119332,"remaining_time":12.67591756},
{"learn":[0.1172662322],"iteration":9,"passed_time":0.1241688237,"remaining_time":12.29271355},
{"learn":[0.1093153332],"iteration":10,"passed_time":0.1347368795,"remaining_time":12.11407035},
{"learn":[0.1026762319],"iteration":11,"passed_time":0.1439823586,"remaining_time":11.85454753},
{"learn":[0.09874864002],"iteration":12,"passed_time":0.1531596864,"remaining_time":11.62835466},
{"learn":[0.09392029739],"iteration":13,"passed_time":0.1628897864,"remaining_time":11.47209495},
{"learn":[0.09031857496],"iteration":14,"passed_time":0.1725226625,"remaining_time":11.32898817},
{"learn":[0.08704685],"iteration":15,"passed_time":0.1816887473,"remaining_time":11.17385796},
{"learn":[0.08479756379],"iteration":16,"passed_time":0.1910559695,"remaining_time":11.04753047},
{"learn":[0.08052114411],"iteration":17,"passed_time":0.2009396324,"remaining_time":10.96237328},
{"learn":[0.07501468193],"iteration":18,"passed_time":0.2110155962,"remaining_time":10.89506842},
{"learn":[0.07036954774],"iteration":19,"passed_time":0.2207981889,"remaining_time":10.81911126},
{"learn":[0.06868242282],"iteration":20,"passed_time":0.2289245964,"remaining_time":10.67224666},
{"learn":[0.06687790077],"iteration":21,"passed_time":0.2371281076,"remaining_time":10.54142224},
{"learn":[0.06483275133],"iteration":22,"passed_time":0.2464814928,"remaining_time":10.47010515},
{"learn":[0.06355376527],"iteration":23,"passed_time":0.2551088742,"remaining_time":10.37442755},
{"learn":[0.05986044179],"iteration":24,"passed_time":0.2638551108,"remaining_time":10.29034932},
{"learn":[0.05845401075],"iteration":25,"passed_time":0.2726263991,"remaining_time":10.21300434},
{"learn":[0.05599433337],"iteration":26,"passed_time":0.287981691,"remaining_time":10.37800686},
{"learn":[0.05494954215],"iteration":27,"passed_time":0.2983571874,"remaining_time":10.35725665},
{"learn":[0.05317219782],"iteration":28,"passed_time":0.3094912338,"remaining_time":10.36262028},
{"learn":[0.05192045417],"iteration":29,"passed_time":0.3200899459,"remaining_time":10.34957492},
{"learn":[0.05080374767],"iteration":30,"passed_time":0.3305800839,"remaining_time":10.33329359},
{"learn":[0.05029003294],"iteration":31,"passed_time":0.3410956592,"remaining_time":10.31814369},
{"learn":[0.04892319062],"iteration":32,"passed_time":0.3516826265,"remaining_time":10.30536666},
{"learn":[0.04765777198],"iteration":33,"passed_time":0.3627334983,"remaining_time":10.30589881},
{"learn":[0.04548980864],"iteration":34,"passed_time":0.3768522381,"remaining_time":10.39035456},
{"learn":[0.04480713244],"iteration":35,"passed_time":0.3979610448,"remaining_time":10.65651242},
{"learn":[0.04378116386],"iteration":36,"passed_time":0.4111088708,"remaining_time":10.69994169},
{"learn":[0.04292087731],"iteration":37,"passed_time":0.424028779,"remaining_time":10.7346233},
{"learn":[0.04206774097],"iteration":38,"passed_time":0.4366143464,"remaining_time":10.7586253},
{"learn":[0.04066276613],"iteration":39,"passed_time":0.4474638958,"remaining_time":10.7391335},
{"learn":[0.03974262736],"iteration":40,"passed_time":0.4577668506,"remaining_time":10.70727828},
{"learn":[0.03891752682],"iteration":41,"passed_time":0.4686413305,"remaining_time":10.68948559},
{"learn":[0.03778264437],"iteration":42,"passed_time":0.4781678386,"remaining_time":10.64201445},
{"learn":[0.03632602577],"iteration":43,"passed_time":0.4903819468,"remaining_time":10.6546623},
{"learn":[0.03484418741],"iteration":44,"passed_time":0.5019545667,"remaining_time":10.65259136},
{"learn":[0.03441439656],"iteration":45,"passed_time":0.5118184757,"remaining_time":10.61467013},
{"learn":[0.03383693475],"iteration":46,"passed_time":0.5219447652,"remaining_time":10.58326301},
{"learn":[0.03348225726],"iteration":47,"passed_time":0.531577842,"remaining_time":10.54296053},
{"learn":[0.03271407489],"iteration":48,"passed_time":0.5418455356,"remaining_time":10.51622662},
{"learn":[0.03201517899],"iteration":49,"passed_time":0.5521430486,"remaining_time":10.49071792},
{"learn":[0.03132753909],"iteration":50,"passed_time":0.5619386298,"remaining_time":10.45646588},
{"learn":[0.03030238694],"iteration":51,"passed_time":0.572622414,"remaining_time":10.43934709},
{"learn":[0.03010582056],"iteration":52,"passed_time":0.5827478778,"remaining_time":10.4124951},
{"learn":[0.02949136421],"iteration":53,"passed_time":0.5925910145,"remaining_time":10.38131666},
{"learn":[0.02858117384],"iteration":54,"passed_time":0.6031341053,"remaining_time":10.36294054},
{"learn":[0.02796545831],"iteration":55,"passed_time":0.6139171361,"remaining_time":10.34888887},
{"learn":[0.02757847509],"iteration":56,"passed_time":0.6241143819,"remaining_time":10.32526074},
{"learn":[0.02734456482],"iteration":57,"passed_time":0.6349176777,"remaining_time":10.31193883},
{"learn":[0.02661812778],"iteration":58,"passed_time":0.6452762276,"remaining_time":10.29160899},
{"learn":[0.02607175403],"iteration":59,"passed_time":0.6552425549,"remaining_time":10.26546669},
{"learn":[0.02532973525],"iteration":60,"passed_time":0.6657400507,"remaining_time":10.24803127},
{"learn":[0.02494870071],"iteration":61,"passed_time":0.6752226257,"remaining_time":10.21546489},
{"learn":[0.02442904866],"iteration":62,"passed_time":0.6851257651,"remaining_time":10.18988638},
{"learn":[0.02373583689],"iteration":63,"passed_time":0.6953373663,"remaining_time":10.16930898},
{"learn":[0.02313714166],"iteration":64,"passed_time":0.7051778629,"remaining_time":10.14371234},
{"learn":[0.02273845127],"iteration":65,"passed_time":0.7164608941,"remaining_time":10.1390072},
{"learn":[0.02234319401],"iteration":66,"passed_time":0.7261556261,"remaining_time":10.11198805},
{"learn":[0.0220047563],"iteration":67,"passed_time":0.735598359,"remaining_time":10.08202457},
{"learn":[0.02174714762],"iteration":68,"passed_time":0.7449510518,"remaining_time":10.051441},
{"learn":[0.02136723016],"iteration":69,"passed_time":0.7543047682,"remaining_time":10.02147764},
{"learn":[0.02121866543],"iteration":70,"passed_time":0.7640544053,"remaining_time":9.997275246},
{"learn":[0.0207983521],"iteration":71,"passed_time":0.7750525821,"remaining_time":9.989566614},
{"learn":[0.02030647309],"iteration":72,"passed_time":0.7928413606,"remaining_time":10.06799919},
{"learn":[0.02001153762],"iteration":73,"passed_time":0.8045031963,"remaining_time":10.06716162},
{"learn":[0.01987359606],"iteration":74,"passed_time":0.8169916393,"remaining_time":10.07623022},
{"learn":[0.01969965588],"iteration":75,"passed_time":0.8282081863,"remaining_time":10.06926795},
{"learn":[0.01946309988],"iteration":76,"passed_time":0.8393351961,"remaining_time":10.0611219},
{"learn":[0.01946302089],"iteration":77,"passed_time":0.8468308075,"remaining_time":10.00997442},
{"learn":[0.01915683149],"iteration":78,"passed_time":0.858346777,"remaining_time":10.0068023},
{"learn":[0.01898055672],"iteration":79,"passed_time":0.8691438247,"remaining_time":9.995153984},
{"learn":[0.01882926941],"iteration":80,"passed_time":0.8801345382,"remaining_time":9.985723958},
{"learn":[0.01857924735],"iteration":81,"passed_time":0.8919127959,"remaining_time":9.98507252},
{"learn":[0.01818290703],"iteration":82,"passed_time":0.904012745,"remaining_time":9.987707074},
{"learn":[0.01790288904],"iteration":83,"passed_time":0.9171331843,"remaining_time":10.00111901},
{"learn":[0.01775797388],"iteration":84,"passed_time":0.9302095978,"remaining_time":10.01343273},
{"learn":[0.01759289546],"iteration":85,"passed_time":0.9401016392,"remaining_time":9.99131277},
{"learn":[0.01717301625],"iteration":86,"passed_time":0.9509155924,"remaining_time":9.979148688},
{"learn":[0.01690224551],"iteration":87,"passed_time":0.9634358264,"remaining_time":9.984698564},
{"learn":[0.01674009892],"iteration":88,"passed_time":0.9740504325,"remaining_time":9.97033645},
{"learn":[0.01642268044],"iteration":89,"passed_time":0.9868868805,"remaining_time":9.978522903},
{"learn":[0.01638432865],"iteration":90,"passed_time":0.9977706081,"remaining_time":9.966741569},
{"learn":[0.0160181019],"iteration":91,"passed_time":1.008301186,"remaining_time":9.951494316},
{"learn":[0.0158094956],"iteration":92,"passed_time":1.049593179,"remaining_time":10.23635498},
{"learn":[0.01566741248],"iteration":93,"passed_time":1.105601937,"remaining_time":10.6561208},
{"learn":[0.01555292471],"iteration":94,"passed_time":1.152771608,"remaining_time":10.98166637},
{"learn":[0.01551390185],"iteration":95,"passed_time":1.209015245,"remaining_time":11.38489355},
{"learn":[0.01522473876],"iteration":96,"passed_time":1.228590994,"remaining_time":11.43729554},
{"learn":[0.01511980211],"iteration":97,"passed_time":1.241920538,"remaining_time":11.43073801},
{"learn":[0.01500921536],"iteration":98,"passed_time":1.252963845,"remaining_time":11.40323661},
{"learn":[0.01477174794],"iteration":99,"passed_time":1.264759209,"remaining_time":11.38283288},
{"learn":[0.01464920682],"iteration":100,"passed_time":1.279614527,"remaining_time":11.38983624},
{"learn":[0.01439939632],"iteration":101,"passed_time":1.29173538,"remaining_time":11.37233698},
{"learn":[0.01430726005],"iteration":102,"passed_time":1.302813478,"remaining_time":11.34586107},
{"learn":[0.01423792767],"iteration":103,"passed_time":1.315622062,"remaining_time":11.33459008},
{"learn":[0.0142376177],"iteration":104,"passed_time":1.323635112,"remaining_time":11.28241357},
{"learn":[0.01394674461],"iteration":105,"passed_time":1.33573225,"remaining_time":11.26551539},
{"learn":[0.0139049254],"iteration":106,"passed_time":1.350005682,"remaining_time":11.26686985},
{"learn":[0.01377571059],"iteration":107,"passed_time":1.365021695,"remaining_time":11.27406808},
{"learn":[0.01367120716],"iteration":108,"passed_time":1.378062867,"remaining_time":11.26471573},
{"learn":[0.01343613585],"iteration":109,"passed_time":1.391454681,"remaining_time":11.25813333},
{"learn":[0.01332442926],"iteration":110,"passed_time":1.405360023,"remaining_time":11.25554109},
{"learn":[0.01328601363],"iteration":111,"passed_time":1.420676014,"remaining_time":11.26393125},
{"learn":[0.01315113611],"iteration":112,"passed_time":1.44313364,"remaining_time":11.32796052},
{"learn":[0.01296803872],"iteration":113,"passed_time":1.465859939,"remaining_time":11.39256058},
{"learn":[0.01284256641],"iteration":114,"passed_time":1.491746775,"remaining_time":11.47996431},
{"learn":[0.01284257791],"iteration":115,"passed_time":1.506500979,"remaining_time":11.48057642},
{"learn":[0.01284258124],"iteration":116,"passed_time":1.536088585,"remaining_time":11.59287368},
{"learn":[0.01266748809],"iteration":117,"passed_time":1.595302569,"remaining_time":11.92421073},
{"learn":[0.01265269787],"iteration":118,"passed_time":1.627904852,"remaining_time":12.05196785},
{"learn":[0.01259489302],"iteration":119,"passed_time":1.657538898,"remaining_time":12.15528525},
{"learn":[0.01259486931],"iteration":120,"passed_time":1.666378859,"remaining_time":12.10534725},
{"learn":[0.01230992961],"iteration":121,"passed_time":1.688860107,"remaining_time":12.15425552},
{"learn":[0.01208493328],"iteration":122,"passed_time":1.708822852,"remaining_time":12.18404586},
{"learn":[0.01199783853],"iteration":123,"passed_time":1.730795878,"remaining_time":12.22723539},
{"learn":[0.01181001303],"iteration":124,"passed_time":1.751785812,"remaining_time":12.26250068},
{"learn":[0.01172050416],"iteration":125,"passed_time":1.772003304,"remaining_time":12.29151498},
{"learn":[0.01169400589],"iteration":126,"passed_time":1.789934896,"remaining_time":12.30404066},
{"learn":[0.01158493771],"iteration":127,"passed_time":1.810801174,"remaining_time":12.33608299},
{"learn":[0.01145203386],"iteration":128,"passed_time":1.825340208,"remaining_time":12.32458388},
{"learn":[0.01137792941],"iteration":129,"passed_time":1.838829257,"remaining_time":12.30601118},
{"learn":[0.01123536924],"iteration":130,"passed_time":1.848214916,"remaining_time":12.26029589},
{"learn":[0.01113362629],"iteration":131,"passed_time":1.859197133,"remaining_time":12.22562963},
{"learn":[0.01099540145],"iteration":132,"passed_time":1.878196708,"remaining_time":12.24358305},
{"learn":[0.01095356434],"iteration":133,"passed_time":1.895231157,"remaining_time":12.24828494},
{"learn":[0.01078192424],"iteration":134,"passed_time":1.908687352,"remaining_time":12.22973748},
{"learn":[0.0107192829],"iteration":135,"passed_time":1.924645504,"remaining_time":12.22715967},
{"learn":[0.0105082251],"iteration":136,"passed_time":1.942191849,"remaining_time":12.23439099},
{"learn":[0.01043336448],"iteration":137,"passed_time":1.959930301,"remaining_time":12.24246318},
{"learn":[0.01023824716],"iteration":138,"passed_time":1.980079968,"remaining_time":12.26509966},
{"learn":[0.0100859426],"iteration":139,"passed_time":2.012051885,"remaining_time":12.3597473},
{"learn":[0.01003030559],"iteration":140,"passed_time":2.039225358,"remaining_time":12.42336584},
{"learn":[0.01000010396],"iteration":141,"passed_time":2.055104114,"remaining_time":12.41746007},
{"learn":[0.009856134175],"iteration":142,"passed_time":2.06921376,"remaining_time":12.40081253},
{"learn":[0.009724446347],"iteration":143,"passed_time":2.081430584,"remaining_time":12.37294847},
{"learn":[0.009668301154],"iteration":144,"passed_time":2.094507726,"remaining_time":12.35037314},
{"learn":[0.009531338849],"iteration":145,"passed_time":2.109074573,"remaining_time":12.33664168},
{"learn":[0.00938553308],"iteration":146,"passed_time":2.123414123,"remaining_time":12.32157991},
{"learn":[0.009274221247],"iteration":147,"passed_time":2.138011594,"remaining_time":12.30801269},
{"learn":[0.009218201449],"iteration":148,"passed_time":2.152023539,"remaining_time":12.29108746},
{"learn":[0.009185307893],"iteration":149,"passed_time":2.167772341,"remaining_time":12.28404327},
{"learn":[0.009136834034],"iteration":150,"passed_time":2.183041721,"remaining_time":12.27418822},
{"learn":[0.00905640108],"iteration":151,"passed_time":2.198175543,"remaining_time":12.26350566},
{"learn":[0.009009341121],"iteration":152,"passed_time":2.263942536,"remaining_time":12.5330675},
{"learn":[0.008876667609],"iteration":153,"passed_time":2.362818627,"remaining_time":12.98015947},
{"learn":[0.008767265628],"iteration":154,"passed_time":2.385817658,"remaining_time":13.00655433},
{"learn":[0.008676068195],"iteration":155,"passed_time":2.399516937,"remaining_time":12.98200189},
{"learn":[0.008590903626],"iteration":156,"passed_time":2.415718339,"remaining_time":12.97102267},
{"learn":[0.008534215035],"iteration":157,"passed_time":2.431028876,"remaining_time":12.95522984},
{"learn":[0.008466053198],"iteration":158,"passed_time":2.445117464,"remaining_time":12.93297979},
{"learn":[0.008389116267],"iteration":159,"passed_time":2.460698502,"remaining_time":12.91866714},
{"learn":[0.008389116267],"iteration":160,"passed_time":2.469372792,"remaining_time":12.86834641},
{"learn":[0.008355667116],"iteration":161,"passed_time":2.482028763,"remaining_time":12.83913644},
{"learn":[0.008308747438],"iteration":162,"passed_time":2.495979137,"remaining_time":12.8167763},
{"learn":[0.008246399168],"iteration":163,"passed_time":2.508439586,"remaining_time":12.78692374},
{"learn":[0.008201137428],"iteration":164,"passed_time":2.520435626,"remaining_time":12.7549318},
{"learn":[0.008166297252],"iteration":165,"passed_time":2.534672926,"remaining_time":12.73444109},
{"learn":[0.008096590351],"iteration":166,"passed_time":2.551598332,"remaining_time":12.72743359},
{"learn":[0.008001468463],"iteration":167,"passed_time":2.564296377,"remaining_time":12.69937253},
{"learn":[0.008001475362],"iteration":168,"passed_time":2.578798087,"remaining_time":12.68036219},
{"learn":[0.008001475362],"iteration":169,"passed_time":2.586359076,"remaining_time":12.62751784},
{"learn":[0.008001444535],"iteration":170,"passed_time":2.598253707,"remaining_time":12.59621241},
{"learn":[0.008001450139],"iteration":171,"passed_time":2.607413623,"remaining_time":12.55196791},
{"learn":[0.008001463458],"iteration":172,"passed_time":2.615917775,"remaining_time":12.50499422},
{"learn":[0.007914706812],"iteration":173,"passed_time":2.6313118,"remaining_time":12.49116981},
{"learn":[0.007914693217],"iteration":174,"passed_time":2.6446045,"remaining_time":12.46742121},
{"learn":[0.00782126842],"iteration":175,"passed_time":2.659569282,"remaining_time":12.45161982},
{"learn":[0.007821211896],"iteration":176,"passed_time":2.66874801,"remaining_time":12.40892436},
{"learn":[0.007821206432],"iteration":177,"passed_time":2.67901257,"remaining_time":12.37161984},
{"learn":[0.007821114257],"iteration":178,"passed_time":2.687199078,"remaining_time":12.32508628},
{"learn":[0.007821050734],"iteration":179,"passed_time":2.695122477,"remaining_time":12.27778017},
{"learn":[0.007784452592],"iteration":180,"passed_time":2.707327004,"remaining_time":12.25028075},
{"learn":[0.007784378048],"iteration":181,"passed_time":2.71443135,"remaining_time":12.20002662},
{"learn":[0.00778434693],"iteration":182,"passed_time":2.722999362,"remaining_time":12.15677857},
{"learn":[0.007761223545],"iteration":183,"passed_time":2.732145588,"remaining_time":12.11647174},
{"learn":[0.00771135856],"iteration":184,"passed_time":2.743394826,"remaining_time":12.08576639},
{"learn":[0.007651462165],"iteration":185,"passed_time":2.754931205,"remaining_time":12.05652689},
{"learn":[0.007612273468],"iteration":186,"passed_time":2.764513925,"remaining_time":12.018983},
{"learn":[0.007574394358],"iteration":187,"passed_time":2.775227724,"remaining_time":11.98662187},
{"learn":[0.007574394358],"iteration":188,"passed_time":2.782193268,"remaining_time":11.93840604},
{"learn":[0.00757441668],"iteration":189,"passed_time":2.789890626,"remaining_time":11.89374425},
{"learn":[0.007540084271],"iteration":190,"passed_time":2.799436728,"remaining_time":11.85730007},
{"learn":[0.007504685451],"iteration":191,"passed_time":2.809308267,"remaining_time":11.82250562},
{"learn":[0.007493872273],"iteration":192,"passed_time":2.821188483,"remaining_time":11.79636842},
{"learn":[0.007457362542],"iteration":193,"passed_time":2.83378517,"remaining_time":11.77335488},
{"learn":[0.007413600119],"iteration":194,"passed_time":2.843581646,"remaining_time":11.73888834},
{"learn":[0.007360904728],"iteration":195,"passed_time":2.854581997,"remaining_time":11.70961187},
{"learn":[0.007332239707],"iteration":196,"passed_time":2.863963664,"remaining_time":11.67392296},
{"learn":[0.007283850406],"iteration":197,"passed_time":2.873338286,"remaining_time":11.63847124},
{"learn":[0.007216369877],"iteration":198,"passed_time":2.882959433,"remaining_time":11.6042739},
{"learn":[0.007185933091],"iteration":199,"passed_time":2.893735315,"remaining_time":11.57494126},
{"learn":[0.007130458601],"iteration":200,"passed_time":2.905276948,"remaining_time":11.54883722},
{"learn":[0.007098003448],"iteration":201,"passed_time":2.916197228,"remaining_time":11.52042271},
{"learn":[0.007071577355],"iteration":202,"passed_time":2.92744015,"remaining_time":11.49344729},
{"learn":[0.00703090884],"iteration":203,"passed_time":2.939257437,"remaining_time":11.46886725},
{"learn":[0.006992863915],"iteration":204,"passed_time":2.950604453,"remaining_time":11.442588},
{"learn":[0.006992626133],"iteration":205,"passed_time":2.959679864,"remaining_time":11.40769812},
{"learn":[0.006970948036],"iteration":206,"passed_time":2.972022712,"remaining_time":11.38557493},
{"learn":[0.006970905369],"iteration":207,"passed_time":2.980960019,"remaining_time":11.35057853},
{"learn":[0.006934440331],"iteration":208,"passed_time":2.992805196,"remaining_time":11.32683689},
{"learn":[0.006891397708],"iteration":209,"passed_time":3.004295383,"remaining_time":11.30187311},
{"learn":[0.006869236229],"iteration":210,"passed_time":3.015722436,"remaining_time":11.27680096},
{"learn":[0.006869236229],"iteration":211,"passed_time":3.02443118,"remaining_time":11.24175363},
{"learn":[0.006841511774],"iteration":212,"passed_time":3.035732161,"remaining_time":11.21653151},
{"learn":[0.006771204738],"iteration":213,"passed_time":3.047918878,"remaining_time":11.1946927},
{"learn":[0.006716141549],"iteration":214,"passed_time":3.058626559,"remaining_time":11.16754348},
{"learn":[0.00667944739],"iteration":215,"passed_time":3.06827267,"remaining_time":11.1366934},
{"learn":[0.006611808336],"iteration":216,"passed_time":3.080420203,"remaining_time":11.1150646},
{"learn":[0.006579065639],"iteration":217,"passed_time":3.090279474,"remaining_time":11.08531444},
{"learn":[0.006556283729],"iteration":218,"passed_time":3.102827945,"remaining_time":11.06533619},
{"learn":[0.006556293171],"iteration":219,"passed_time":3.109884004,"remaining_time":11.02595238},
{"learn":[0.006556262765],"iteration":220,"passed_time":3.117744418,"remaining_time":10.98969639},
{"learn":[0.006556279133],"iteration":221,"passed_time":3.124968804,"remaining_time":10.95146725},
{"learn":[0.0065562363],"iteration":222,"passed_time":3.132306811,"remaining_time":10.91391207},
{"learn":[0.006556221303],"iteration":223,"passed_time":3.140016365,"remaining_time":10.87791383},
{"learn":[0.006556202005],"iteration":224,"passed_time":3.147180901,"remaining_time":10.84028977},
{"learn":[0.00655617257],"iteration":225,"passed_time":3.154515718,"remaining_time":10.80351843},
{"learn":[0.006556133681],"iteration":226,"passed_time":3.162166621,"remaining_time":10.76808281},
{"learn":[0.00655613932],"iteration":227,"passed_time":3.16952547,"remaining_time":10.73190203},
{"learn":[0.006556112241],"iteration":228,"passed_time":3.176652524,"remaining_time":10.69519256},
{"learn":[0.006556118229],"iteration":229,"passed_time":3.183733737,"remaining_time":10.65858686},
{"learn":[0.00655612083],"iteration":230,"passed_time":3.19089621,"remaining_time":10.6225073},
{"learn":[0.006556096664],"iteration":231,"passed_time":3.198349007,"remaining_time":10.58763809},
{"learn":[0.006556112019],"iteration":232,"passed_time":3.205901696,"remaining_time":10.55333305},
{"learn":[0.006556062184],"iteration":233,"passed_time":3.218815415,"remaining_time":10.53680602},
{"learn":[0.006533126055],"iteration":234,"passed_time":3.229993193,"remaining_time":10.51465869},
{"learn":[0.006503924873],"iteration":235,"passed_time":3.24192396,"remaining_time":10.49504197},
{"learn":[0.00650388846],"iteration":236,"passed_time":3.250530535,"remaining_time":10.46478818},
{"learn":[0.006503734884],"iteration":237,"passed_time":3.259783018,"remaining_time":10.43678428},
{"learn":[0.006503751172],"iteration":238,"passed_time":3.268679196,"remaining_time":10.4078028},
{"learn":[0.006503715067],"iteration":239,"passed_time":3.277357966,"remaining_time":10.37830023},
{"learn":[0.006503690435],"iteration":240,"passed_time":3.286581643,"remaining_time":10.35068659},
{"learn":[0.006503691752],"iteration":241,"passed_time":3.296293355,"remaining_time":10.32475357},
{"learn":[0.006484203821],"iteration":242,"passed_time":3.308711239,"remaining_time":10.3073844},
{"learn":[0.006484103917],"iteration":243,"passed_time":3.318143562,"remaining_time":10.28080546},
{"learn":[0.006484107591],"iteration":244,"passed_time":3.327160948,"remaining_time":10.25308782},
{"learn":[0.006484016013],"iteration":245,"passed_time":3.336151125,"remaining_time":10.22543882},
{"learn":[0.006484016013],"iteration":246,"passed_time":3.344943094,"remaining_time":10.19733664},
{"learn":[0.006483973685],"iteration":247,"passed_time":3.355583188,"remaining_time":10.17499418},
{"learn":[0.006483973685],"iteration":248,"passed_time":3.380678327,"remaining_time":10.19634307},
{"learn":[0.006483829528],"iteration":249,"passed_time":3.413632589,"remaining_time":10.24089777},
{"learn":[0.006483829528],"iteration":250,"passed_time":3.459330489,"remaining_time":10.32286269},
{"learn":[0.006483752083],"iteration":251,"passed_time":3.519331564,"remaining_time":10.44626988},
{"learn":[0.006483752083],"iteration":252,"passed_time":3.544153504,"remaining_time":10.46435837},
{"learn":[0.006483752083],"iteration":253,"passed_time":3.552510741,"remaining_time":10.43375202},
{"learn":[0.006483752083],"iteration":254,"passed_time":3.560975073,"remaining_time":10.40363306},
{"learn":[0.006483752083],"iteration":255,"passed_time":3.569458808,"remaining_time":10.37373966},
{"learn":[0.006483752083],"iteration":256,"passed_time":3.577795407,"remaining_time":10.3435875},
{"learn":[0.006483752083],"iteration":257,"passed_time":3.586095682,"remaining_time":10.31349998},
{"learn":[0.006483752083],"iteration":258,"passed_time":3.594647972,"remaining_time":10.28430173},
{"learn":[0.006483584232],"iteration":259,"passed_time":3.608266895,"remaining_time":10.2696827},
{"learn":[0.006483584232],"iteration":260,"passed_time":3.616609023,"remaining_time":10.24013053},
{"learn":[0.006453402341],"iteration":261,"passed_time":3.627934345,"remaining_time":10.21914331},
{"learn":[0.006394400855],"iteration":262,"passed_time":3.639615111,"remaining_time":10.19922561},
{"learn":[0.006354157589],"iteration":263,"passed_time":3.654517379,"remaining_time":10.18835148},
{"learn":[0.006354140196],"iteration":264,"passed_time":3.664681099,"remaining_time":10.16430418},
{"learn":[0.006354140196],"iteration":265,"passed_time":3.674104626,"remaining_time":10.13831878},
{"learn":[0.006354140196],"iteration":266,"passed_time":3.683507058,"remaining_time":10.11239953},
{"learn":[0.006354140196],"iteration":267,"passed_time":3.693240616,"remaining_time":10.08750795},
{"learn":[0.006354044615],"iteration":268,"passed_time":3.703587613,"remaining_time":10.06439608},
{"learn":[0.006354044615],"iteration":269,"passed_time":3.712253504,"remaining_time":10.03683355},
{"learn":[0.006354044615],"iteration":270,"passed_time":3.721058812,"remaining_time":10.00978551},
{"learn":[0.006354052223],"iteration":271,"passed_time":3.731066147,"remaining_time":9.986088805},
{"learn":[0.006353953427],"iteration":272,"passed_time":3.740060167,"remaining_time":9.959793925},
{"learn":[0.00635387582],"iteration":273,"passed_time":3.749758615,"remaining_time":9.935491805},
{"learn":[0.006353858473],"iteration":274,"passed_time":3.758740531,"remaining_time":9.909406855},
{"learn":[0.006353794646],"iteration":275,"passed_time":3.76769208,"remaining_time":9.883366181},
{"learn":[0.006353805218],"iteration":276,"passed_time":3.776931547,"remaining_time":9.858200392},
{"learn":[0.006353736392],"iteration":277,"passed_time":3.786118302,"remaining_time":9.833012281},
{"learn":[0.006353683153],"iteration":278,"passed_time":3.796103565,"remaining_time":9.810002403},
{"learn":[0.00635350615],"iteration":279,"passed_time":3.803572132,"remaining_time":9.780614054},
{"learn":[0.00635350615],"iteration":280,"passed_time":3.810884255,"remaining_time":9.75098142},
{"learn":[0.00635350615],"iteration":281,"passed_time":3.818028861,"remaining_time":9.721080575},
{"learn":[0.006317789549],"iteration":282,"passed_time":3.827443254,"remaining_time":9.697091211},
{"learn":[0.006273108348],"iteration":283,"passed_time":3.836988511,"remaining_time":9.673534416},
{"learn":[0.006273111614],"iteration":284,"passed_time":3.84453364,"remaining_time":9.64505808},
{"learn":[0.00627294398],"iteration":285,"passed_time":3.852463316,"remaining_time":9.61768814},
{"learn":[0.006250020082],"iteration":286,"passed_time":3.861867424,"remaining_time":9.594116632},
{"learn":[0.006249951841],"iteration":287,"passed_time":3.869502546,"remaining_time":9.566270184},
{"learn":[0.006226205147],"iteration":288,"passed_time":3.880335739,"remaining_time":9.546431525},
{"learn":[0.006138522363],"iteration":289,"passed_time":3.890426905,"remaining_time":9.524838284},
{"learn":[0.006116982149],"iteration":290,"passed_time":3.900121179,"remaining_time":9.502357098},
{"learn":[0.006031508949],"iteration":291,"passed_time":3.910103931,"remaining_time":9.480662955},
{"learn":[0.006031482682],"iteration":292,"passed_time":3.917778254,"remaining_time":9.453478585},
{"learn":[0.006031482682],"iteration":293,"passed_time":3.925135834,"remaining_time":9.425666321},
{"learn":[0.006031482682],"iteration":294,"passed_time":3.933032118,"remaining_time":9.399280146},
{"learn":[0.006031482682],"iteration":295,"passed_time":3.940149033,"remaining_time":9.371165269},
{"learn":[0.006031482682],"iteration":296,"passed_time":3.947722344,"remaining_time":9.344272081},
{"learn":[0.005984325284],"iteration":297,"passed_time":3.95736504,"remaining_time":9.322383416},
{"learn":[0.005984252582],"iteration":298,"passed_time":3.964623432,"remaining_time":9.294986708},
{"learn":[0.005936370884],"iteration":299,"passed_time":3.976393345,"remaining_time":9.278251138},
{"learn":[0.005877566661],"iteration":300,"passed_time":3.99141407,"remaining_time":9.269097791},
{"learn":[0.005877511607],"iteration":301,"passed_time":4.000558805,"remaining_time":9.246324656},
{"learn":[0.005877511607],"iteration":302,"passed_time":4.008943582,"remaining_time":9.221893323},
{"learn":[0.005877511607],"iteration":303,"passed_time":4.017183172,"remaining_time":9.197235157},
{"learn":[0.005877511607],"iteration":304,"passed_time":4.025379894,"remaining_time":9.172586972},
{"learn":[0.005877506169],"iteration":305,"passed_time":4.034123776,"remaining_time":9.149287256},
{"learn":[0.005877497444],"iteration":306,"passed_time":4.043289826,"remaining_time":9.12703534},
{"learn":[0.005877497444],"iteration":307,"passed_time":4.052665115,"remaining_time":9.105338504},
{"learn":[0.005877497444],"iteration":308,"passed_time":4.061207979,"remaining_time":9.081859915},
{"learn":[0.005877497444],"iteration":309,"passed_time":4.069920412,"remaining_time":9.05885511},
{"learn":[0.005877482912],"iteration":310,"passed_time":4.078546347,"remaining_time":9.035750589},
{"learn":[0.005877446891],"iteration":311,"passed_time":4.087262491,"remaining_time":9.012937801},
{"learn":[0.005877440011],"iteration":312,"passed_time":4.096184105,"remaining_time":8.990666071},
{"learn":[0.005877304968],"iteration":313,"passed_time":4.105393932,"remaining_time":8.969109036},
{"learn":[0.005877294933],"iteration":314,"passed_time":4.114813976,"remaining_time":8.948087536},
{"learn":[0.005877280935],"iteration":315,"passed_time":4.124177305,"remaining_time":8.927016698},
{"learn":[0.005877254076],"iteration":316,"passed_time":4.133555291,"remaining_time":8.906051305},
{"learn":[0.005877251688],"iteration":317,"passed_time":4.141035746,"remaining_time":8.881089241},
{"learn":[0.005877188436],"iteration":318,"passed_time":4.149217952,"remaining_time":8.857734876},
{"learn":[0.005877167485],"iteration":319,"passed_time":4.156558061,"remaining_time":8.832685879},
{"learn":[0.005877148688],"iteration":320,"passed_time":4.163885806,"remaining_time":8.807721066},
{"learn":[0.005877113115],"iteration":321,"passed_time":4.17164825,"remaining_time":8.783781098},
{"learn":[0.005877102248],"iteration":322,"passed_time":4.179979353,"remaining_time":8.761133194},
{"learn":[0.005877091632],"iteration":323,"passed_time":4.187224238,"remaining_time":8.736307361},
{"learn":[0.005877091632],"iteration":324,"passed_time":4.196103236,"remaining_time":8.714983645},
{"learn":[0.005877067292],"iteration":325,"passed_time":4.20306394,"remaining_time":8.689770232},
{"learn":[0.005877069668],"iteration":326,"passed_time":4.21084179,"remaining_time":8.666350229},
{"learn":[0.005877007265],"iteration":327,"passed_time":4.218123881,"remaining_time":8.642009902},
{"learn":[0.005876973747],"iteration":328,"passed_time":4.225441613,"remaining_time":8.617845964},
{"learn":[0.005876973747],"iteration":329,"passed_time":4.232171131,"remaining_time":8.592589872},
{"learn":[0.005876973747],"iteration":330,"passed_time":4.239064634,"remaining_time":8.56777716},
{"learn":[0.005876973747],"iteration":331,"passed_time":4.246035859,"remaining_time":8.543228777},
{"learn":[0.005876973747],"iteration":332,"passed_time":4.253263281,"remaining_time":8.519299125},
{"learn":[0.005876412687],"iteration":333,"passed_time":4.260345929,"remaining_time":8.495180804},
{"learn":[0.005876373229],"iteration":334,"passed_time":4.267517294,"remaining_time":8.471340299},
{"learn":[0.005876373229],"iteration":335,"passed_time":4.274671113,"remaining_time":8.447564341},
{"learn":[0.005876378994],"iteration":336,"passed_time":4.281899287,"remaining_time":8.424033316},
{"learn":[0.005876378994],"iteration":337,"passed_time":4.289624986,"remaining_time":8.401573198},
{"learn":[0.005876378994],"iteration":338,"passed_time":4.296540003,"remaining_time":8.377619299},
{"learn":[0.005876378994],"iteration":339,"passed_time":4.304856948,"remaining_time":8.356487017},
{"learn":[0.005876378994],"iteration":340,"passed_time":4.312987033,"remaining_time":8.335068782},
{"learn":[0.005876378994],"iteration":341,"passed_time":4.320002375,"remaining_time":8.311583516},
{"learn":[0.005876378994],"iteration":342,"passed_time":4.326572375,"remaining_time":8.287341255},
{"learn":[0.005876360496],"iteration":343,"passed_time":4.333730477,"remaining_time":8.264323234}
]}